id,lugares,cod_formato,formato,cod_categoria,categoria,cod_uo,unidade,regiao,gratis,publico,projeto,nome,complemento,exibirdatas,tempo,tempoF,dia_da_semana,weekday,hora,destaque,foto,data_sessao,datainicial,datafinal,sinopse,ingressos,tem,dispositivo,ingresso,online,turno
49000000015120,50,7,serviços,16,Biblioteca,49,14 Bis,capital,1,outros,,Empréstimo,,de-ate,sempre,agora,sempre,7,10h,dbiblio,dbiblio,2023-10-22 00:00:00,2023-10-06 00:00:00,2023-12-30 00:00:00,s/i,Aberto ao público - Sem retirada de ingressos.,,,0,0,consulte
49000000015120,50,7,serviços,16,Biblioteca,49,14 Bis,capital,1,outros,,Empréstimo,,de-ate,sempre,proxima,sempre,7,10h,dbiblio,dbiblio,2023-10-29 00:00:00,2023-10-06 00:00:00,2023-12-30 00:00:00,s/i,Aberto ao público - Sem retirada de ingressos.,,,0,0,consulte
52000004973211,200,7,serviços,16,Biblioteca,52,24 De Maio,capital,1,outros,,Empréstimo,,de-ate,sempre,agora,sempre,7,09h,dbiblio,dbiblio,2023-10-18 00:00:00,2023-01-03 00:00:00,2023-12-30 00:00:00,"Empréstimo domiciliar de publicações mediante apresentação da Credencial Plena ou Atividade do Sesc, sendo necessário cadastro prévio. O leitor pode retirar até 5 publicações, pelo período de 14 dias e solicitar 3 renovações, através de e-mail, telefone ou pessoalmente. Menores de 12 anos de idade podem emprestar desde que acompanhados do responsável.",Aberto ao público - Sem retirada de ingressos.,,,0,0,consulte
52000004973211,200,7,serviços,16,Biblioteca,52,24 De Maio,capital,1,outros,,Empréstimo,,de-ate,sempre,proxima,sempre,7,09h,dbiblio,dbiblio,2023-10-24 00:00:00,2023-01-03 00:00:00,2023-12-30 00:00:00,"Empréstimo domiciliar de publicações mediante apresentação da Credencial Plena ou Atividade do Sesc, sendo necessário cadastro prévio. O leitor pode retirar até 5 publicações, pelo período de 14 dias e solicitar 3 renovações, através de e-mail, telefone ou pessoalmente. Menores de 12 anos de idade podem emprestar desde que acompanhados do responsável.",Aberto ao público - Sem retirada de ingressos.,,,0,0,consulte
53000005700235,50,7,serviços,16,Biblioteca,53,Santana,capital,1,outros,,Bibliosesc - Empréstimo,"Casa de Cultura Vila Guilherme, Casarão",de-ate,sempre,proxima,sempre,7,10h,dbiblio,undefined,2023-10-28 00:00:00,2023-02-18 00:00:00,2023-11-25 00:00:00,"Casa de Cultura Vila Guilherme, Casarão - Praça Oscar da Silva, 110 - Vila Guilherme. Sábados, das 10h às 16h.",Aberto ao público - Sem retirada de ingressos.,,,0,0,consulte
53000005699331,50,7,serviços,16,Biblioteca,53,Santana,capital,1,outros,,Bibliosesc - Empréstimo,CCA Dom Macário,de-ate,sempre,agora,sempre,7,10h,dbiblio,undefined,2023-10-19 00:00:00,2023-02-09 00:00:00,2023-11-16 00:00:00,"CCA Dom Macário - R. Amambaí, 1415 - Vila Maria Baixa. Quintas, das 10h às 16h.",Aberto ao público - Sem retirada de ingressos.,,,0,0,consulte
53000005700075,200,7,serviços,16,Biblioteca,53,Santana,capital,1,outros,,Bibliosesc - Empréstimo,Obra Social São Benedito,de-ate,sempre,proxima,sempre,7,10h,dbiblio,undefined,2023-10-26 00:00:00,2023-02-16 00:00:00,2023-11-23 00:00:00,"Obra Social São Benedito Rua Igarité, 338 - Jaçanã. Quintas, das 10h às 16h",Aberto ao público - Sem retirada de ingressos.,,,0,0,consulte
53000005699183,50,7,serviços,16,Biblioteca,53,Santana,capital,1,outros,,Bibliosesc - Empréstimo,Praça do Cantagalo,de-ate,sempre,agora,sempre,7,10h,dbiblio,undefined,2023-10-18 00:00:00,2023-02-08 00:00:00,2023-11-01 00:00:00," Rua José Ferreira de Menezes, altura do número 47 Quartas, das 10h às 15h",Aberto ao público - Sem retirada de ingressos.,,,0,0,consulte
53000005699922,150,7,serviços,16,Biblioteca,53,Santana,capital,1,outros,,Bibliosesc - Empréstimo,Reduto do Rap,de-ate,sempre,proxima,sempre,7,10h,dbiblio,undefined,2023-10-25 00:00:00,2023-02-15 00:00:00,2023-11-22 00:00:00,"Reduto do Rap Rua Sete Barras, 166 - Nossa Senhora do Ó  Quartas, das 10h às 15h",Aberto ao público - Sem retirada de ingressos.,,,0,0,consulte
55000004213241,10,7,serviços,16,Biblioteca,55,Interlagos,capital,1,outros,,Bibliosesc - Empréstimo,"Av. Dona Belmira Marin, 595 - Grajaú",de-ate,sempre,agora,sempre,7,10h,dbiblio,undefined,2023-10-19 00:00:00,2023-02-09 00:00:00,2023-12-14 00:00:00,s/i,Aberto ao público - Sem retirada de ingressos.,,,0,0,consulte
55000004196141,10,7,serviços,16,Biblioteca,55,Interlagos,capital,1,outros,,Bibliosesc - Empréstimo,"Clube da Turma Santa Terezinha. Avenida Professor Cardoso de Melo Neto, 1.000. Jardim Novo Pantanal/ Pedreira.",de-ate,sempre,proxima,sempre,7,10h,dbiblio,undefined,2023-10-24 00:00:00,2023-02-14 00:00:00,2023-12-05 00:00:00,s/i,Aberto ao público - Sem retirada de ingressos.,,,0,0,consulte
55000004251303,10,7,serviços,16,Biblioteca,55,Interlagos,capital,1,outros,,Bibliosesc - Empréstimo,"Instituto Anchieta Grajaú. Rua Alziro Pinheiro Magalhães, 578. Parque São Miguel.",de-ate,sempre,proxima,sempre,7,10h,dbiblio,undefined,2023-10-26 00:00:00,2023-02-16 00:00:00,2023-12-07 00:00:00,s/i,Aberto ao público - Sem retirada de ingressos.,,,0,0,consulte
55000004196539,10,7,serviços,16,Biblioteca,55,Interlagos,capital,1,outros,,Bibliosesc - Empréstimo,Praça Escolar - Cidade Dutra,de-ate,sempre,proxima,sempre,7,10h,dbiblio,undefined,2023-10-25 00:00:00,2023-02-15 00:00:00,2023-12-06 00:00:00,s/i,Aberto ao público - Sem retirada de ingressos.,,,0,0,consulte
55000004213644,10,7,serviços,16,Biblioteca,55,Interlagos,capital,1,outros,,Bibliosesc - Empréstimo,Praça Júlio César de Campos. Parelheiros.,de-ate,sempre,agora,sempre,7,10h,dbiblio,undefined,2023-10-18 00:00:00,2023-02-08 00:00:00,2023-12-13 00:00:00,s/i,Aberto ao público - Sem retirada de ingressos.,,,0,0,consulte
56000005086424,100,7,serviços,16,Biblioteca,56,Itaquera,capital,1,outros,,Bibliosesc - Empréstimo,,de-ate,sempre,agora,sempre,7,10h,dbiblio,undefined,2023-10-21 00:00:00,2023-08-12 00:00:00,2023-11-18 00:00:00,"Nas estantes do BiblioSesc, o público encontra romances, clássicos, poesias, contos de fadas, histórias em quadrinhos, biografias, livros de culinária, dicionários, livros didáticos e até audiolivros. As consultas, ações de mediação de leitura e empréstimo de livros são disponibilizados gratuitamente.",Aberto ao público - Sem retirada de ingressos.,,,0,0,consulte
56000005085713,100,7,serviços,16,Biblioteca,56,Itaquera,capital,1,outros,,Bibliosesc - Empréstimo,"Av. Dr. Francisco Munhoz Filho, 379 - Cidade Líder, São Paulo - SP",de-ate,sempre,agora,sempre,7,10h,dbiblio,undefined,2023-10-18 00:00:00,2023-08-09 00:00:00,2023-11-29 00:00:00,"Nas estantes do BiblioSesc, o público encontra romances, clássicos, poesias, contos de fadas, histórias em quadrinhos, biografias, livros de culinária, dicionários, livros didáticos e até audiolivros. As consultas, ações de mediação de leitura e empréstimo de livros são disponibilizados gratuitamente.",Aberto ao público - Sem retirada de ingressos.,,,0,0,consulte
56000005086721,100,7,serviços,16,Biblioteca,56,Itaquera,capital,1,outros,,Bibliosesc - Empréstimo,"R. Cembira, 1201 - Vila Nova Curuça - São Paulo/SP",de-ate,sempre,agora,sempre,7,10h,dbiblio,undefined,2023-10-22 00:00:00,2023-08-13 00:00:00,2023-11-19 00:00:00,"Nas estantes do BiblioSesc, o público encontra romances, clássicos, poesias, contos de fadas, histórias em quadrinhos, biografias, livros de culinária, dicionários, livros didáticos e até audiolivros. As consultas, ações de mediação de leitura e empréstimo de livros são disponibilizados gratuitamente.",Aberto ao público - Sem retirada de ingressos.,,,0,0,consulte
56000005085761,100,7,serviços,16,Biblioteca,56,Itaquera,capital,1,outros,,Bibliosesc - Empréstimo,"Rua Cordão de São Francisco, alt. 767 - Itaim Paulista - São Paulo/SP",de-ate,sempre,agora,sempre,7,10h,dbiblio,undefined,2023-10-19 00:00:00,2023-08-10 00:00:00,2023-11-30 00:00:00,"Nas estantes do BiblioSesc, o público encontra romances, clássicos, poesias, contos de fadas, histórias em quadrinhos, biografias, livros de culinária, dicionários, livros didáticos e até audiolivros. As consultas, ações de mediação de leitura e empréstimo de livros são disponibilizados gratuitamente.",Aberto ao público - Sem retirada de ingressos.,,,0,0,consulte
56000005088978,100,7,serviços,16,Biblioteca,56,Itaquera,capital,1,outros,,Bibliosesc - Empréstimo,"Rua Miguel Rachid, 997 - Ermelino Matarazzo - São Paulo/SP",de-ate,sempre,proxima,sempre,7,10h,dbiblio,undefined,2023-10-26 00:00:00,2023-08-03 00:00:00,2023-11-23 00:00:00,"Nas estantes do BiblioSesc, o público encontra romances, clássicos, poesias, contos de fadas, histórias em quadrinhos, biografias, livros de culinária, dicionários, livros didáticos e até audiolivros. As consultas, ações de mediação de leitura e empréstimo de livros são disponibilizados gratuitamente.",Aberto ao público - Sem retirada de ingressos.,,,0,0,consulte
56000005089014,100,7,serviços,16,Biblioteca,56,Itaquera,capital,1,outros,,Bibliosesc - Empréstimo,"Rua:  Astorga, 767-777 - Vila Guilhermina - São Paulo/SP",de-ate,sempre,proxima,sempre,7,10h,dbiblio,undefined,2023-10-28 00:00:00,2023-08-05 00:00:00,2023-11-25 00:00:00,"Nas estantes do BiblioSesc, o público encontra romances, clássicos, poesias, contos de fadas, histórias em quadrinhos, biografias, livros de culinária, dicionários, e até audiolivros. As consultas, ações de mediação de leitura e empréstimo de livros são disponibilizados gratuitamente.",Aberto ao público - Sem retirada de ingressos.,,,0,0,consulte
56000005088909,100,7,serviços,16,Biblioteca,56,Itaquera,capital,1,outros,,Bibliosesc - Empréstimo,"Rua:  Rio do Oeste, 110 - Vila Carmosina - São Paulo/SP",de-ate,sempre,proxima,sempre,7,10h,dbiblio,undefined,2023-10-25 00:00:00,2023-08-02 00:00:00,2023-11-22 00:00:00,"Nas estantes do BiblioSesc, o público encontra romances, clássicos, poesias, contos de fadas, histórias em quadrinhos, biografias, livros de culinária, dicionários, livros didáticos e até audiolivros. As consultas, ações de mediação de leitura e empréstimo de livros são disponibilizados gratuitamente.",Aberto ao público - Sem retirada de ingressos.,,,0,0,consulte
63000012491727,12,7,serviços,16,Biblioteca,63,Pompeia,capital,0,outros,,Empréstimo,,de-ate,sempre,agora,sempre,7,10h,dbiblio,undefined,2023-10-18 00:00:00,2023-01-03 00:00:00,2023-12-30 00:00:00,s/i,Aberto ao público,,,0,0,consulte
63000012491727,12,7,serviços,16,Biblioteca,63,Pompeia,capital,0,outros,,Empréstimo,,de-ate,sempre,proxima,sempre,7,10h,dbiblio,undefined,2023-10-24 00:00:00,2023-01-03 00:00:00,2023-12-30 00:00:00,s/i,Aberto ao público,,,0,0,consulte
64000004613240,50,7,serviços,16,Biblioteca,64,Carmo,capital,0,outros,Biblioteca,Empréstimo,,de-ate,sempre,agora,sempre,7,10h,dbiblio,undefined,2023-10-18 00:00:00,2023-01-02 00:00:00,2023-12-29 00:00:00,s/i,Aberto ao público,,,0,0,consulte
64000004613240,50,7,serviços,16,Biblioteca,64,Carmo,capital,0,outros,Biblioteca,Empréstimo,,de-ate,sempre,proxima,sempre,7,10h,dbiblio,undefined,2023-10-23 00:00:00,2023-01-02 00:00:00,2023-12-29 00:00:00,s/i,Aberto ao público,,,0,0,consulte
65000003105829,10,7,serviços,16,Biblioteca,65,Av. Paulista,capital,0,outros,,Empréstimo,,de-ate,sempre,agora,sempre,7,10h,dbiblio,undefined,2023-10-18 00:00:00,2023-01-03 00:00:00,2023-12-30 00:00:00,"A Biblioteca do Sesc Avenida Paulista fica no 15º andar e oferece:  - Consulta local de livros e periódicos - Acervo com mais de 5 mil títulos, atualizado periodicamente e composto principalmente por livros de literatura, artes, história em quadrinhos, biografias e títulos das Edições Sesc.",Aberto ao público,1,Braille  Texto Ampliado,0,0,consulte
65000003105829,10,7,serviços,16,Biblioteca,65,Av. Paulista,capital,0,outros,,Empréstimo,,de-ate,sempre,proxima,sempre,7,10h,dbiblio,undefined,2023-10-24 00:00:00,2023-01-03 00:00:00,2023-12-30 00:00:00,"A Biblioteca do Sesc Avenida Paulista fica no 15º andar e oferece:  - Consulta local de livros e periódicos - Acervo com mais de 5 mil títulos, atualizado periodicamente e composto principalmente por livros de literatura, artes, história em quadrinhos, biografias e títulos das Edições Sesc.",Aberto ao público,1,Braille  Texto Ampliado,0,0,consulte
67000002594798,10,7,serviços,16,Biblioteca,67,São Caetano,capital,0,outros,Universo Literário - BiblioSesc,Empréstimo,,de-ate,sempre,agora,sempre,7,09h,dbiblio,undefined,2023-10-20 00:00:00,2023-05-01 00:00:00,2023-12-02 00:00:00,"Publicações variadas viajam o país por meio do BiblioSesc. São 54 unidades móveis que circulam com o objetivo de incentivar o hábito de leitura, atendendo principalmente a localidades com pouco acesso a livros e bibliotecas.",Aberto ao público,,,0,0,consulte
67000002593766,100,7,serviços,16,Biblioteca,67,São Caetano,capital,0,outros,Universo Literário - BiblioSesc,Empréstimo,,de-ate,sempre,agora,sempre,7,10h,dbiblio,undefined,2023-10-18 00:00:00,2023-02-28 00:00:00,2023-11-30 00:00:00,"Publicações variadas viajam o país por meio do BiblioSesc. São 54 unidades móveis que circulam com o objetivo de incentivar o hábito de leitura, atendendo principalmente a localidades com pouco acesso a livros e bibliotecas. Em 2022 os pontos de atendimento são CCA - Zumbi dos Palmares, 28 de julho, CEU das Artes e Praça do Hip Hop.",Aberto ao público,,,0,0,consulte
67000002594798,10,7,serviços,16,Biblioteca,67,São Caetano,capital,0,outros,Universo Literário - BiblioSesc,Empréstimo,,de-ate,sempre,proxima,sempre,7,09h,dbiblio,undefined,2023-10-23 00:00:00,2023-05-01 00:00:00,2023-12-02 00:00:00,"Publicações variadas viajam o país por meio do BiblioSesc. São 54 unidades móveis que circulam com o objetivo de incentivar o hábito de leitura, atendendo principalmente a localidades com pouco acesso a livros e bibliotecas.",Aberto ao público,,,0,0,consulte
67000002593766,100,7,serviços,16,Biblioteca,67,São Caetano,capital,0,outros,Universo Literário - BiblioSesc,Empréstimo,,de-ate,sempre,proxima,sempre,7,10h,dbiblio,undefined,2023-10-24 00:00:00,2023-02-28 00:00:00,2023-11-30 00:00:00,"Publicações variadas viajam o país por meio do BiblioSesc. São 54 unidades móveis que circulam com o objetivo de incentivar o hábito de leitura, atendendo principalmente a localidades com pouco acesso a livros e bibliotecas. Em 2022 os pontos de atendimento são CCA - Zumbi dos Palmares, 28 de julho, CEU das Artes e Praça do Hip Hop.",Aberto ao público,,,0,0,consulte
68000007833785,1560,7,serviços,16,Biblioteca,68,Belenzinho,capital,0,outros,,Empréstimo,,de-ate,sempre,agora,sempre,7,10h,dbiblio,undefined,2023-10-18 00:00:00,2023-01-03 00:00:00,2023-12-30 00:00:00,s/i,Aberto ao público,,,0,0,consulte
68000007833785,1560,7,serviços,16,Biblioteca,68,Belenzinho,capital,0,outros,,Empréstimo,,de-ate,sempre,proxima,sempre,7,10h,dbiblio,undefined,2023-10-24 00:00:00,2023-01-03 00:00:00,2023-12-30 00:00:00,s/i,Aberto ao público,,,0,0,consulte
71000003956015,100,7,serviços,16,Biblioteca,71,Bertioga,interior,0,outros,,Empréstimo,,de-ate,sempre,agora,sempre,7,09h,dbiblio,undefined,2023-10-18 00:00:00,2023-01-01 00:00:00,2023-12-31 00:00:00,s/i,Aberto ao público,,,0,0,consulte
71000003956015,100,7,serviços,16,Biblioteca,71,Bertioga,interior,0,outros,,Empréstimo,,de-ate,sempre,proxima,sempre,7,09h,dbiblio,undefined,2023-10-24 00:00:00,2023-01-01 00:00:00,2023-12-31 00:00:00,s/i,Aberto ao público,,,0,0,consulte
73000004139878,30,7,serviços,16,Biblioteca,73,Guarulhos,capital,0,outros,,Empréstimo,Empréstimo de livros do acervo,de-ate,sempre,agora,sempre,7,09h,dbiblio,undefined,2023-10-18 00:00:00,2023-01-03 00:00:00,2023-12-29 00:00:00,empréstimo dos livros que compõem o acervo da biblioteca da unidade,Aberto ao público,,,0,0,consulte
73000004139878,30,7,serviços,16,Biblioteca,73,Guarulhos,capital,0,outros,,Empréstimo,Empréstimo de livros do acervo,de-ate,sempre,proxima,sempre,7,09h,dbiblio,undefined,2023-10-24 00:00:00,2023-01-03 00:00:00,2023-12-29 00:00:00,empréstimo dos livros que compõem o acervo da biblioteca da unidade,Aberto ao público,,,0,0,consulte
75000007614363,60,7,serviços,16,Biblioteca,75,Campinas,interior,0,outros,,Empréstimo,,de-ate,sempre,agora,sempre,7,08h,dbiblio,undefined,2023-10-18 00:00:00,2023-07-01 00:00:00,2023-12-29 00:00:00,s/i,Aberto ao público,,,0,0,consulte
75000007614363,60,7,serviços,16,Biblioteca,75,Campinas,interior,0,outros,,Empréstimo,,de-ate,sempre,proxima,sempre,7,08h,dbiblio,undefined,2023-10-24 00:00:00,2023-07-01 00:00:00,2023-12-29 00:00:00,s/i,Aberto ao público,,,0,0,consulte
76000004019847,50,7,serviços,16,Biblioteca,76,Ribeirão Preto,interior,1,outros,,Empréstimo,,de-ate,sempre,agora,sempre,7,13h30,dbiblio,undefined,2023-10-18 00:00:00,2023-01-03 00:00:00,2023-12-31 00:00:00,Empréstimos de livros da Biblioteca Sesc Ribeirão.,Aberto ao público - Sem retirada de ingressos.,,,0,0,consulte
76000004019847,50,7,serviços,16,Biblioteca,76,Ribeirão Preto,interior,1,outros,,Empréstimo,,de-ate,sempre,proxima,sempre,7,13h30,dbiblio,undefined,2023-10-24 00:00:00,2023-01-03 00:00:00,2023-12-31 00:00:00,Empréstimos de livros da Biblioteca Sesc Ribeirão.,Aberto ao público - Sem retirada de ingressos.,,,0,0,consulte
78000005954165,20,7,serviços,16,Biblioteca,78,Santos,interior,0,outros,,Empréstimo,,de-ate,sempre,agora,sempre,7,10h,dbiblio,undefined,2023-10-22 00:00:00,2023-01-03 00:00:00,2023-12-30 00:00:00,s/i,Aberto ao público,,,0,0,consulte
78000005954165,20,7,serviços,16,Biblioteca,78,Santos,interior,0,outros,,Empréstimo,,de-ate,sempre,proxima,sempre,7,10h,dbiblio,undefined,2023-10-28 00:00:00,2023-01-03 00:00:00,2023-12-30 00:00:00,s/i,Aberto ao público,,,0,0,consulte
84000004933256,50,7,serviços,16,Biblioteca,84,Rio Preto,interior,1,outros,,Empréstimo,,de-ate,sempre,agora,sempre,7,13h15,dbiblio,undefined,2023-10-20 00:00:00,2023-01-03 00:00:00,2023-12-31 00:00:00,Empréstimo de livros,Aberto ao público - Vazio,,,0,0,consulte
84000004933256,50,7,serviços,16,Biblioteca,84,Rio Preto,interior,1,outros,,Empréstimo,,de-ate,sempre,proxima,sempre,7,10h15,dbiblio,undefined,2023-10-28 00:00:00,2023-01-03 00:00:00,2023-12-31 00:00:00,Empréstimo de livros,Aberto ao público - Vazio,,,0,0,consulte
86000003709781,80,7,serviços,16,Biblioteca,86,Araraquara,interior,0,outros,,Empréstimo,,de-ate,sempre,agora,sempre,7,13h,dbiblio,undefined,2023-10-18 00:00:00,2023-01-03 00:00:00,2023-12-30 00:00:00,s/i,,,,0,0,consulte
86000003709781,80,7,serviços,16,Biblioteca,86,Araraquara,interior,0,outros,,Empréstimo,,de-ate,sempre,proxima,sempre,7,13h,dbiblio,undefined,2023-10-24 00:00:00,2023-01-03 00:00:00,2023-12-30 00:00:00,s/i,,,,0,0,consulte
88000004790261,15,7,serviços,16,Biblioteca,88,Santo André,capital,1,outros,,Empréstimo,,de-ate,sempre,agora,sempre,7,10h,dbiblio,undefined,2023-10-18 00:00:00,2023-01-03 00:00:00,2023-12-30 00:00:00,s/i,Aberto ao público - Sem retirada de ingressos.,,,0,0,consulte
88000004790261,15,7,serviços,16,Biblioteca,88,Santo André,capital,1,outros,,Empréstimo,,de-ate,sempre,proxima,sempre,7,10h,dbiblio,undefined,2023-10-24 00:00:00,2023-01-03 00:00:00,2023-12-30 00:00:00,s/i,Aberto ao público - Sem retirada de ingressos.,,,0,0,consulte
89000001058396,10,7,serviços,16,Biblioteca,89,CPF,capital,1,outros,,Empréstimo,,de-ate,sempre,agora,sempre,7,10h,dbiblio,undefined,2023-10-18 00:00:00,2023-01-09 00:00:00,2023-12-21 00:00:00,s/i,Aberto ao público - Sem retirada de ingressos.,,,0,0,consulte
89000001058396,10,7,serviços,16,Biblioteca,89,CPF,capital,1,outros,,Empréstimo,,de-ate,sempre,proxima,sempre,7,10h,dbiblio,undefined,2023-10-24 00:00:00,2023-01-09 00:00:00,2023-12-21 00:00:00,s/i,Aberto ao público - Sem retirada de ingressos.,,,0,0,consulte
91000001898953,10,7,serviços,16,Biblioteca,91,Campo Limpo,capital,1,outros,,Bibliosesc - Empréstimo,,de-ate,sempre,agora,sempre,7,10h,dbiblio,undefined,2023-10-18 00:00:00,2023-02-04 00:00:00,2023-12-09 00:00:00,Projeto de incentivo à leitura que oferece gratuitamente o empréstimo e consulta de livros.,Aberto ao público - Sem retirada de ingressos.,,,0,0,consulte
91000001898953,10,7,serviços,16,Biblioteca,91,Campo Limpo,capital,1,outros,,Bibliosesc - Empréstimo,,de-ate,sempre,proxima,sempre,7,10h,dbiblio,undefined,2023-10-24 00:00:00,2023-02-04 00:00:00,2023-12-09 00:00:00,Projeto de incentivo à leitura que oferece gratuitamente o empréstimo e consulta de livros.,Aberto ao público - Sem retirada de ingressos.,,,0,0,consulte
93000005175586,10,7,serviços,16,Biblioteca,93,Jundiaí,interior,0,outros,,Empréstimo,,de-ate,sempre,agora,sempre,7,09h,dbiblio,undefined,2023-10-18 00:00:00,2023-01-03 00:00:00,2023-12-29 00:00:00,s/i,Aberto ao público,,,0,0,consulte
93000005175586,10,7,serviços,16,Biblioteca,93,Jundiaí,interior,0,outros,,Empréstimo,,de-ate,sempre,proxima,sempre,7,09h,dbiblio,undefined,2023-10-24 00:00:00,2023-01-03 00:00:00,2023-12-29 00:00:00,s/i,Aberto ao público,,,0,0,consulte
94000005512331,20,7,serviços,16,Biblioteca,94,Bom Retiro,capital,0,outros,,Empréstimo,,de-ate,sempre,agora,sempre,7,09h,dbiblio,undefined,2023-10-18 00:00:00,2023-01-03 00:00:00,2023-12-29 00:00:00,Serviço de biblioteca através do qual se permite a retirada de até 5 títulos por pessoa leitora com prazo de devolução para 14 dias.,Aberto ao público,,,0,0,consulte
94000005512331,20,7,serviços,16,Biblioteca,94,Bom Retiro,capital,0,outros,,Empréstimo,,de-ate,sempre,proxima,sempre,7,09h,dbiblio,undefined,2023-10-24 00:00:00,2023-01-03 00:00:00,2023-12-29 00:00:00,Serviço de biblioteca através do qual se permite a retirada de até 5 títulos por pessoa leitora com prazo de devolução para 14 dias.,Aberto ao público,,,0,0,consulte
95000002790717,100,7,serviços,16,Biblioteca,95,Osasco,capital,0,outros,,Empréstimo,empréstimo de livros,de-ate,sempre,proxima,sempre,7,10h,dbiblio,undefined,2023-10-24 00:00:00,2023-04-11 00:00:00,2023-12-08 00:00:00,Projeto de incentivo à leitura que oferece gratuitamente o empréstimo de livros.,Aberto ao público,,,0,0,consulte
95000002790717,100,7,serviços,16,Biblioteca,70,Santo Amaro,capital,0,outros,,Empréstimo,empréstimo de livros,de-ate,sempre,agora,sempre,7,10h,dbiblio,undefined,2023-10-24 00:00:00,2023-04-11 00:00:00,2023-12-08 00:00:00,Projeto de incentivo à leitura que oferece gratuitamente o empréstimo de livros.,Aberto ao público,,,0,0,consulte
95000002790717,100,7,serviços,16,Biblioteca,70,Santo Amaro,capital,0,outros,,Empréstimo,empréstimo de livros,de-ate,sempre,proxima,sempre,7,10h,dbiblio,undefined,2023-10-24 00:00:00,2023-04-11 00:00:00,2023-12-08 00:00:00,Projeto de incentivo à leitura que oferece gratuitamente o empréstimo de livros.,Aberto ao público,,,0,0,consulte
52000004997671,220,7,serviços,18,Comedoria - Restaurante,52,24 De Maio,capital,0,outros,,Refeições,,de-ate,sempre,agora,sempre,7,16h30,dcomedoria,undefined,2023-10-18 00:00:00,2023-01-04 00:00:00,2023-12-30 00:00:00,Venda do item MASSA na cafeteria do 2 andar de terça à sexta das 16h30 às 20h30,,1,Braille  Texto Ampliado,0,0,consulte
52000004997671,220,7,serviços,18,Comedoria - Restaurante,52,24 De Maio,capital,0,outros,,Refeições,,de-ate,sempre,proxima,sempre,7,16h30,dcomedoria,undefined,2023-10-24 00:00:00,2023-01-04 00:00:00,2023-12-30 00:00:00,Venda do item MASSA na cafeteria do 2 andar de terça à sexta das 16h30 às 20h30,,1,Braille  Texto Ampliado,0,0,consulte
56000005025224,20,7,serviços,18,Comedoria - Restaurante,56,Itaquera,capital,0,outros,,Refeições,,de-ate,sempre,agora,sempre,7,09h30,dcomedoria,undefined,2023-10-18 00:00:00,2023-06-07 00:00:00,2023-12-22 00:00:00,s/i,,,,0,0,consulte
56000005025224,20,7,serviços,18,Comedoria - Restaurante,56,Itaquera,capital,0,outros,,Refeições,,de-ate,sempre,proxima,sempre,7,09h30,dcomedoria,undefined,2023-10-25 00:00:00,2023-06-07 00:00:00,2023-12-22 00:00:00,s/i,,,,0,0,consulte
58000006181158,10,7,serviços,18,Comedoria - Restaurante,58,Pinheiros,capital,0,outros,,Refeições,,de-ate,sempre,agora,sempre,7,11h,dcomedoria,undefined,2023-10-18 00:00:00,2023-01-03 00:00:00,2023-12-30 00:00:00,"Prato porcionado, composto de prato principal, guarnição, arroz, feijão e salada. Complementos: fruta, doce, suco de laranja",,,,0,0,consulte
58000006181801,10,7,serviços,18,Comedoria - Restaurante,58,Pinheiros,capital,0,outros,,Refeições,,de-ate,sempre,proxima,sempre,7,16h,dcomedoria,undefined,2023-10-24 00:00:00,2023-01-03 00:00:00,2023-12-30 00:00:00,s/i,,,,0,0,consulte
66000016304672,480,7,serviços,18,Comedoria - Restaurante,66,Vila Mariana,capital,0,outros,,Refeições,,de-ate,sempre,agora,sempre,7,11h10,dcomedoria,undefined,2023-10-18 00:00:00,2023-01-03 00:00:00,2023-12-29 00:00:00,"Serviço de almoço servido de terça a sexta-feira, das 11h10 às 15h15. O prato porcionado é composto por: salada, prato principal (carne ou vegetariano), guarnição, arroz e feijão.  Complementos disponíveis: sobremesa (fruta inteira e/ou doce) e bebida (suco de laranja pasteurizado 300 ml).",,,,0,0,consulte
66000016304672,480,7,serviços,18,Comedoria - Restaurante,66,Vila Mariana,capital,0,outros,,Refeições,,de-ate,sempre,proxima,sempre,7,11h10,dcomedoria,undefined,2023-10-24 00:00:00,2023-01-03 00:00:00,2023-12-29 00:00:00,"Serviço de almoço servido de terça a sexta-feira, das 11h10 às 15h15. O prato porcionado é composto por: salada, prato principal (carne ou vegetariano), guarnição, arroz e feijão.  Complementos disponíveis: sobremesa (fruta inteira e/ou doce) e bebida (suco de laranja pasteurizado 300 ml).",,,,0,0,consulte
68000008885085,10,7,serviços,18,Comedoria - Restaurante,68,Belenzinho,capital,0,outros,,Refeições,,de-ate,sempre,agora,sempre,7,11h30,dcomedoria,undefined,2023-10-18 00:00:00,2023-08-08 00:00:00,2023-12-01 00:00:00,s/i,,,,0,0,consulte
68000008885085,10,7,serviços,18,Comedoria - Restaurante,68,Belenzinho,capital,0,outros,,Refeições,,de-ate,sempre,proxima,sempre,7,11h30,dcomedoria,undefined,2023-10-25 00:00:00,2023-08-08 00:00:00,2023-12-01 00:00:00,s/i,,,,0,0,consulte
71000004069295,40,7,serviços,18,Comedoria - Restaurante,71,Bertioga,interior,0,outros,,Refeições,,de-ate,sempre,agora,sempre,7,11h,dcomedoria,undefined,2023-10-18 00:00:00,2023-02-08 00:00:00,2023-12-08 00:00:00,s/i,Aberto ao público,,,0,0,consulte
71000004069295,40,7,serviços,18,Comedoria - Restaurante,71,Bertioga,interior,0,outros,,Refeições,,de-ate,sempre,proxima,sempre,7,11h,dcomedoria,undefined,2023-10-25 00:00:00,2023-02-08 00:00:00,2023-12-08 00:00:00,s/i,Aberto ao público,,,0,0,consulte
73000004109157,40,7,serviços,18,Comedoria - Restaurante,73,Guarulhos,capital,0,outros,,Refeições,,de-ate,sempre,agora,sempre,7,11h,dcomedoria,undefined,2023-10-18 00:00:00,2023-01-03 00:00:00,2023-12-30 00:00:00,s/i,,,,0,0,consulte
73000004109157,40,7,serviços,18,Comedoria - Restaurante,73,Guarulhos,capital,0,outros,,Refeições,,de-ate,sempre,proxima,sempre,7,11h,dcomedoria,undefined,2023-10-24 00:00:00,2023-01-03 00:00:00,2023-12-30 00:00:00,s/i,,,,0,0,consulte
75000007217838,400,7,serviços,18,Comedoria - Restaurante,75,Campinas,interior,0,outros,,Refeições,,de-ate,sempre,agora,sempre,7,11h,dcomedoria,undefined,2023-10-18 00:00:00,2023-01-20 00:00:00,2023-12-29 00:00:00,s/i,,1,Braille  Texto Ampliado,0,0,consulte
75000007217838,400,7,serviços,18,Comedoria - Restaurante,75,Campinas,interior,0,outros,,Refeições,,de-ate,sempre,proxima,sempre,7,11h,dcomedoria,undefined,2023-10-24 00:00:00,2023-01-20 00:00:00,2023-12-29 00:00:00,s/i,,1,Braille  Texto Ampliado,0,0,consulte
78000005986176,10,7,serviços,18,Comedoria - Restaurante,78,Santos,interior,0,outros,,Refeições,,de-ate,sempre,agora,sempre,7,11h,dcomedoria,undefined,2023-10-18 00:00:00,2023-01-03 00:00:00,2023-12-31 00:00:00,s/i,,,,0,0,consulte
78000005986176,10,7,serviços,18,Comedoria - Restaurante,78,Santos,interior,0,outros,,Refeições,,de-ate,sempre,proxima,sempre,7,11h,dcomedoria,undefined,2023-10-24 00:00:00,2023-01-03 00:00:00,2023-12-31 00:00:00,s/i,,,,0,0,consulte
88000005469193,23,7,serviços,18,Comedoria - Restaurante,88,Santo André,capital,0,outros,,Refeições,,de-ate,sempre,agora,sempre,7,11h,dcomedoria,undefined,2023-10-19 00:00:00,2023-08-01 00:00:00,2023-12-21 00:00:00,s/i,,,,0,0,consulte
88000005469193,23,7,serviços,18,Comedoria - Restaurante,88,Santo André,capital,0,outros,,Refeições,,de-ate,sempre,proxima,sempre,7,11h,dcomedoria,undefined,2023-10-24 00:00:00,2023-08-01 00:00:00,2023-12-21 00:00:00,s/i,,,,0,0,consulte
52000004964301,10,7,serviços,17,Odontologia,52,24 De Maio,capital,0,outros,,Clínica Ambulatorial,,de-ate,sempre,agora,sempre,7,07h,dodonto,dodonto,2023-10-18 00:00:00,2023-01-01 00:00:00,2023-12-30 00:00:00,"Atendimento odontológico para credencial plena, inscritos e selecionados via portal e, credencial plena encaminhados das diversas unidades para tratamento de implante, ortodontia e exames de imagem.",,,,0,0,consulte
52000004964301,10,7,serviços,17,Odontologia,52,24 De Maio,capital,0,outros,,Clínica Ambulatorial,,de-ate,sempre,proxima,sempre,7,07h,dodonto,dodonto,2023-10-24 00:00:00,2023-01-01 00:00:00,2023-12-30 00:00:00,"Atendimento odontológico para credencial plena, inscritos e selecionados via portal e, credencial plena encaminhados das diversas unidades para tratamento de implante, ortodontia e exames de imagem.",,,,0,0,consulte
55000004227751,10,7,serviços,17,Odontologia,55,Interlagos,capital,0,outros,,Clínica Ambulatorial,,de-ate,sempre,agora,sempre,7,08h,dodonto,dodonto,2023-10-18 00:00:00,2023-01-01 00:00:00,2023-12-30 00:00:00,Atendimento odontológico dos pacientes inscritos e triados através do sistema de acesso ao tratamento odontológico do Sesc.,,,,0,0,consulte
55000004227751,10,7,serviços,17,Odontologia,55,Interlagos,capital,0,outros,,Clínica Ambulatorial,,de-ate,sempre,proxima,sempre,7,08h,dodonto,dodonto,2023-10-24 00:00:00,2023-01-01 00:00:00,2023-12-30 00:00:00,Atendimento odontológico dos pacientes inscritos e triados através do sistema de acesso ao tratamento odontológico do Sesc.,,,,0,0,consulte
56000004702193,32,7,serviços,17,Odontologia,56,Itaquera,capital,0,outros,,Clínica Ambulatorial,,de-ate,sempre,agora,sempre,7,08h,dodonto,dodonto,2023-10-18 00:00:00,2023-01-01 00:00:00,2023-12-29 00:00:00,s/i,,,,0,0,consulte
56000004702193,32,7,serviços,17,Odontologia,56,Itaquera,capital,0,outros,,Clínica Ambulatorial,,de-ate,sempre,proxima,sempre,7,08h,dodonto,dodonto,2023-10-24 00:00:00,2023-01-01 00:00:00,2023-12-29 00:00:00,s/i,,,,0,0,consulte
57000006903646,10,7,serviços,17,Odontologia,57,Ipiranga,capital,0,outros,,Clínica Ambulatorial,Atendimento clínico odontológico,de-ate,sempre,agora,sempre,7,10h,dodonto,dodonto,2023-10-21 00:00:00,2023-01-01 00:00:00,2023-12-30 00:00:00,s/i,,,,0,0,consulte
57000006903646,10,7,serviços,17,Odontologia,57,Ipiranga,capital,0,outros,,Clínica Ambulatorial,Atendimento clínico odontológico,de-ate,sempre,proxima,sempre,7,10h,dodonto,dodonto,2023-10-28 00:00:00,2023-01-01 00:00:00,2023-12-30 00:00:00,s/i,,,,0,0,consulte
58000006179984,10,7,serviços,17,Odontologia,58,Pinheiros,capital,0,outros,,Clínica Ambulatorial,,de-ate,sempre,agora,sempre,7,08h,dodonto,dodonto,2023-10-18 00:00:00,2023-01-01 00:00:00,2023-12-30 00:00:00,s/i,,,,0,0,consulte
58000006179984,10,7,serviços,17,Odontologia,58,Pinheiros,capital,0,outros,,Clínica Ambulatorial,,de-ate,sempre,proxima,sempre,7,08h,dodonto,dodonto,2023-10-24 00:00:00,2023-01-01 00:00:00,2023-12-30 00:00:00,s/i,,,,0,0,consulte
61000000794792,10,7,serviços,17,Odontologia,61,Florêncio,capital,0,outros,,Clínica Ambulatorial,Atendimento Odontológico,de-ate,sempre,agora,sempre,7,07h30,dodonto,dodonto,2023-10-18 00:00:00,2023-01-01 00:00:00,2023-12-29 00:00:00,s/i,,,,0,0,consulte
61000000794792,10,7,serviços,17,Odontologia,61,Florêncio,capital,0,outros,,Clínica Ambulatorial,Atendimento Odontológico,de-ate,sempre,proxima,sempre,7,07h30,dodonto,dodonto,2023-10-23 00:00:00,2023-01-01 00:00:00,2023-12-29 00:00:00,s/i,,,,0,0,consulte
62000007045542,48,7,serviços,17,Odontologia,62,Consolação,capital,1,outros,,Clínica Ambulatorial,,de-ate,sempre,agora,sempre,7,07h40,dodonto,dodonto,2023-10-20 00:00:00,2023-01-01 00:00:00,2023-12-23 00:00:00,s/i,Aberto ao público - Somente para inscritos a partir de seleção prévia.,,,0,0,consulte
62000007045542,48,7,serviços,17,Odontologia,62,Consolação,capital,1,outros,,Clínica Ambulatorial,,de-ate,sempre,proxima,sempre,7,07h40,dodonto,dodonto,2023-10-24 00:00:00,2023-01-01 00:00:00,2023-12-23 00:00:00,s/i,Aberto ao público - Somente para inscritos a partir de seleção prévia.,,,0,0,consulte
65000003122112,98,7,serviços,17,Odontologia,65,Av. Paulista,capital,0,outros,,Clínica Ambulatorial,,de-ate,sempre,agora,sempre,7,07h20,dodonto,dodonto,2023-10-18 00:00:00,2023-01-01 00:00:00,2023-12-23 00:00:00,Atendimento clínico odontológico,Aberto ao público,,,0,0,consulte
65000003122112,98,7,serviços,17,Odontologia,65,Av. Paulista,capital,0,outros,,Clínica Ambulatorial,,de-ate,sempre,proxima,sempre,7,07h20,dodonto,dodonto,2023-10-24 00:00:00,2023-01-01 00:00:00,2023-12-23 00:00:00,Atendimento clínico odontológico,Aberto ao público,,,0,0,consulte
68000007748667,10,7,serviços,17,Odontologia,68,Belenzinho,capital,0,outros,,Clínica Ambulatorial,,de-ate,sempre,agora,sempre,7,07h30,dodonto,dodonto,2023-10-18 00:00:00,2023-01-01 00:00:00,2023-12-23 00:00:00,s/i,,,,0,0,consulte
68000007748667,10,7,serviços,17,Odontologia,68,Belenzinho,capital,0,outros,,Clínica Ambulatorial,,de-ate,sempre,proxima,sempre,7,07h30,dodonto,dodonto,2023-10-24 00:00:00,2023-01-01 00:00:00,2023-12-23 00:00:00,s/i,,,,0,0,consulte
70000004976206,10,7,serviços,17,Odontologia,70,Santo Amaro,capital,0,outros,,Clínica Ambulatorial,Atendimento Odontológico aos pacientes inscritos no programa de Odontologia com credencial Plena válida.,de-ate,sempre,agora,sempre,7,07h40,dodonto,dodonto,2023-10-18 00:00:00,2023-01-03 00:00:00,2023-12-29 00:00:00,s/i,Inscrição - Grátis / Grátis / Grátis,,,0,0,consulte
70000004976206,10,7,serviços,17,Odontologia,70,Santo Amaro,capital,0,outros,,Clínica Ambulatorial,Atendimento Odontológico aos pacientes inscritos no programa de Odontologia com credencial Plena válida.,de-ate,sempre,proxima,sempre,7,07h40,dodonto,dodonto,2023-10-24 00:00:00,2023-01-03 00:00:00,2023-12-29 00:00:00,s/i,Inscrição - Grátis / Grátis / Grátis,,,0,0,consulte
71000003964459,300,7,serviços,17,Odontologia,71,Bertioga,interior,0,outros,,Clínica Ambulatorial,,de-ate,sempre,agora,sempre,7,09h,dodonto,dodonto,2023-10-21 00:00:00,2023-01-01 00:00:00,2023-12-29 00:00:00,s/i,Aberto ao público,,,0,0,consulte
71000003964459,300,7,serviços,17,Odontologia,71,Bertioga,interior,0,outros,,Clínica Ambulatorial,,de-ate,sempre,proxima,sempre,7,10h,dodonto,dodonto,2023-10-28 00:00:00,2023-01-01 00:00:00,2023-12-29 00:00:00,s/i,Aberto ao público,,,0,0,consulte
73000004116181,600,7,serviços,17,Odontologia,73,Guarulhos,capital,0,outros,,Clínica Ambulatorial,,de-ate,sempre,agora,sempre,7,07h10,dodonto,dodonto,2023-10-18 00:00:00,2023-01-01 00:00:00,2023-12-30 00:00:00,s/i,,,,0,0,consulte
73000004116181,600,7,serviços,17,Odontologia,73,Guarulhos,capital,0,outros,,Clínica Ambulatorial,,de-ate,sempre,proxima,sempre,7,07h10,dodonto,dodonto,2023-10-24 00:00:00,2023-01-01 00:00:00,2023-12-30 00:00:00,s/i,,,,0,0,consulte
76000004087496,10,7,serviços,17,Odontologia,76,Ribeirão Preto,interior,0,outros,,Clínica Ambulatorial,,de-ate,sempre,agora,sempre,7,08h,dodonto,dodonto,2023-10-20 00:00:00,2023-01-01 00:00:00,2023-12-30 00:00:00,s/i,,,,0,0,consulte
76000004087496,10,7,serviços,17,Odontologia,76,Ribeirão Preto,interior,0,outros,,Clínica Ambulatorial,,de-ate,sempre,proxima,sempre,7,08h,dodonto,dodonto,2023-10-24 00:00:00,2023-01-01 00:00:00,2023-12-30 00:00:00,s/i,,,,0,0,consulte
77000296248450,10,7,serviços,17,Odontologia,77,S. J. Campos,interior,0,outros,,Clínica Ambulatorial,,de-ate,sempre,agora,sempre,7,07h20,dodonto,dodonto,2023-10-18 00:00:00,2023-01-01 00:00:00,2023-12-23 00:00:00,s/i,Inscrição - Grátis / Grátis / Grátis,,,0,0,consulte
77000296248450,10,7,serviços,17,Odontologia,77,S. J. Campos,interior,0,outros,,Clínica Ambulatorial,,de-ate,sempre,proxima,sempre,7,07h20,dodonto,dodonto,2023-10-24 00:00:00,2023-01-01 00:00:00,2023-12-23 00:00:00,s/i,Inscrição - Grátis / Grátis / Grátis,,,0,0,consulte
78000005981567,10,7,serviços,17,Odontologia,78,Santos,interior,0,outros,,Clínica Ambulatorial,,de-ate,sempre,agora,sempre,7,07h30,dodonto,dodonto,2023-10-18 00:00:00,2023-01-01 00:00:00,2023-12-23 00:00:00,s/i,,,,0,0,consulte
78000005981567,10,7,serviços,17,Odontologia,78,Santos,interior,0,outros,,Clínica Ambulatorial,,de-ate,sempre,proxima,sempre,7,07h30,dodonto,dodonto,2023-10-24 00:00:00,2023-01-01 00:00:00,2023-12-23 00:00:00,s/i,,,,0,0,consulte
79000002906509,10,7,serviços,17,Odontologia,79,Catanduva,interior,0,outros,,Clínica Ambulatorial,,de-ate,sempre,agora,sempre,7,07h20,dodonto,dodonto,2023-10-18 00:00:00,2023-01-01 00:00:00,2023-12-23 00:00:00,s/i,Inscrição - Grátis / Grátis /,,,0,0,consulte
79000002906509,10,7,serviços,17,Odontologia,79,Catanduva,interior,0,outros,,Clínica Ambulatorial,,de-ate,sempre,proxima,sempre,7,07h20,dodonto,dodonto,2023-10-24 00:00:00,2023-01-01 00:00:00,2023-12-23 00:00:00,s/i,Inscrição - Grátis / Grátis /,,,0,0,consulte
80000004780961,10,7,serviços,17,Odontologia,80,Bauru,interior,0,outros,,Clínica Ambulatorial,Atendimento Clínico Ambulatorial,de-ate,sempre,agora,sempre,7,07h30,dodonto,dodonto,2023-10-18 00:00:00,2023-01-01 00:00:00,2023-12-30 00:00:00,s/i,,,,0,0,consulte
80000004780961,10,7,serviços,17,Odontologia,80,Bauru,interior,0,outros,,Clínica Ambulatorial,Atendimento Clínico Ambulatorial,de-ate,sempre,proxima,sempre,7,07h30,dodonto,dodonto,2023-10-24 00:00:00,2023-01-01 00:00:00,2023-12-30 00:00:00,s/i,,,,0,0,consulte
81000003917387,10,7,serviços,17,Odontologia,81,Taubaté,interior,0,outros,,Clínica Ambulatorial,,de-ate,sempre,agora,sempre,7,07h20,dodonto,dodonto,2023-10-18 00:00:00,2023-01-01 00:00:00,2023-12-30 00:00:00,s/i,,,,0,0,consulte
81000003917387,10,7,serviços,17,Odontologia,81,Taubaté,interior,0,outros,,Clínica Ambulatorial,,de-ate,sempre,proxima,sempre,7,07h20,dodonto,dodonto,2023-10-24 00:00:00,2023-01-01 00:00:00,2023-12-30 00:00:00,s/i,,,,0,0,consulte
83000003648365,600,7,serviços,17,Odontologia,83,Piracicaba,interior,0,outros,,Clínica Ambulatorial,,de-ate,sempre,agora,sempre,7,08h,dodonto,dodonto,2023-10-18 00:00:00,2023-01-01 00:00:00,2023-12-30 00:00:00,s/i,,,,0,0,consulte
83000003648365,600,7,serviços,17,Odontologia,83,Piracicaba,interior,0,outros,,Clínica Ambulatorial,,de-ate,sempre,proxima,sempre,7,08h,dodonto,dodonto,2023-10-24 00:00:00,2023-01-01 00:00:00,2023-12-30 00:00:00,s/i,,,,0,0,consulte
84000004760197,10,7,serviços,17,Odontologia,84,Rio Preto,interior,0,outros,,Clínica Ambulatorial,,de-ate,sempre,agora,sempre,7,07h20,dodonto,dodonto,2023-10-18 00:00:00,2023-01-01 00:00:00,2023-12-30 00:00:00,s/i,,,,0,0,consulte
84000004760197,10,7,serviços,17,Odontologia,84,Rio Preto,interior,0,outros,,Clínica Ambulatorial,,de-ate,sempre,proxima,sempre,7,07h20,dodonto,dodonto,2023-10-24 00:00:00,2023-01-01 00:00:00,2023-12-30 00:00:00,s/i,,,,0,0,consulte
85000002838897,550,7,serviços,17,Odontologia,85,Birigui,interior,0,outros,,Clínica Ambulatorial,Atendimento Clinico,de-ate,sempre,agora,sempre,7,10h,dodonto,dodonto,2023-10-18 00:00:00,2023-01-01 00:00:00,2023-12-30 00:00:00,s/i,Inscrição - Grátis / Grátis / Grátis,,,0,0,consulte
85000002838897,550,7,serviços,17,Odontologia,85,Birigui,interior,0,outros,,Clínica Ambulatorial,Atendimento Clinico,de-ate,sempre,proxima,sempre,7,10h,dodonto,dodonto,2023-10-24 00:00:00,2023-01-01 00:00:00,2023-12-30 00:00:00,s/i,Inscrição - Grátis / Grátis / Grátis,,,0,0,consulte
86000003694417,10,7,serviços,17,Odontologia,86,Araraquara,interior,1,outros,,Clínica Ambulatorial,,de-ate,sempre,agora,sempre,7,08h,dodonto,dodonto,2023-10-18 00:00:00,2023-01-01 00:00:00,2023-12-30 00:00:00,s/i,Aberto ao público - Somente para inscritos a partir de seleção prévia.,,,0,0,consulte
86000003694417,10,7,serviços,17,Odontologia,86,Araraquara,interior,1,outros,,Clínica Ambulatorial,,de-ate,sempre,proxima,sempre,7,08h,dodonto,dodonto,2023-10-24 00:00:00,2023-01-01 00:00:00,2023-12-30 00:00:00,s/i,Aberto ao público - Somente para inscritos a partir de seleção prévia.,,,0,0,consulte
87000002634221,70,7,serviços,17,Odontologia,87,Prudente,interior,0,outros,,Clínica Ambulatorial,,de-ate,sempre,agora,sempre,7,11h,dodonto,dodonto,2023-10-18 00:00:00,2023-01-01 00:00:00,2023-12-30 00:00:00,s/i,,,,0,0,consulte
87000002634221,70,7,serviços,17,Odontologia,87,Prudente,interior,0,outros,,Clínica Ambulatorial,,de-ate,sempre,proxima,sempre,7,11h,dodonto,dodonto,2023-10-24 00:00:00,2023-01-01 00:00:00,2023-12-30 00:00:00,s/i,,,,0,0,consulte
88000004592141,48,7,serviços,17,Odontologia,88,Santo André,capital,0,outros,,Clínica Ambulatorial,,de-ate,sempre,agora,sempre,7,08h,dodonto,dodonto,2023-10-18 00:00:00,2023-01-01 00:00:00,2024-01-01 00:00:00,"Ações de promoção e recuperação da saúde bucal e prevenção de doença, através de procedimentos técnicos e recursos terapêuticos.",,,,0,0,consulte
88000004592141,48,7,serviços,17,Odontologia,88,Santo André,capital,0,outros,,Clínica Ambulatorial,,de-ate,sempre,proxima,sempre,7,08h,dodonto,dodonto,2023-10-24 00:00:00,2023-01-01 00:00:00,2024-01-01 00:00:00,"Ações de promoção e recuperação da saúde bucal e prevenção de doença, através de procedimentos técnicos e recursos terapêuticos.",,,,0,0,consulte
91000001832993,48,7,serviços,17,Odontologia,91,Campo Limpo,capital,1,outros,,Clínica Ambulatorial,Com equipe odontológica do Sesc Campo Limpo,de-ate,sempre,agora,sempre,7,07h20,dodonto,dodonto,2023-10-18 00:00:00,2023-01-01 00:00:00,2023-12-30 00:00:00,"Clínica odontológica com quatro consultórios, que dispõe dos serviços de odontologia preventiva, odontopediatria, tratamentos de canal e gengiva, extrações, obturações, próteses e radiologia.  Ações educativas para a promoção de saúde bucal acontecem nesta unidade e são abertas a toda a comunidade.",Aberto ao público - Somente para inscritos a partir de seleção prévia.,,,0,0,consulte
91000001832993,48,7,serviços,17,Odontologia,91,Campo Limpo,capital,1,outros,,Clínica Ambulatorial,Com equipe odontológica do Sesc Campo Limpo,de-ate,sempre,proxima,sempre,7,07h20,dodonto,dodonto,2023-10-24 00:00:00,2023-01-01 00:00:00,2023-12-30 00:00:00,"Clínica odontológica com quatro consultórios, que dispõe dos serviços de odontologia preventiva, odontopediatria, tratamentos de canal e gengiva, extrações, obturações, próteses e radiologia.  Ações educativas para a promoção de saúde bucal acontecem nesta unidade e são abertas a toda a comunidade.",Aberto ao público - Somente para inscritos a partir de seleção prévia.,,,0,0,consulte
93000005314917,10,7,serviços,17,Odontologia,93,Jundiaí,interior,0,outros,,Clínica Ambulatorial,,de-ate,sempre,agora,sempre,7,07h20,dodonto,dodonto,2023-10-18 00:00:00,2023-01-01 00:00:00,2023-12-30 00:00:00,s/i,Aberto ao público,,,0,0,consulte
93000005314917,10,7,serviços,17,Odontologia,93,Jundiaí,interior,0,outros,,Clínica Ambulatorial,,de-ate,sempre,proxima,sempre,7,07h20,dodonto,dodonto,2023-10-24 00:00:00,2023-01-01 00:00:00,2023-12-30 00:00:00,s/i,Aberto ao público,,,0,0,consulte
94000005499082,40,7,serviços,17,Odontologia,94,Bom Retiro,capital,0,outros,,Clínica Ambulatorial,,de-ate,sempre,agora,sempre,7,07h30,dodonto,dodonto,2023-10-18 00:00:00,2023-01-01 00:00:00,2023-12-22 00:00:00,s/i,,,,0,0,consulte
94000005499082,40,7,serviços,17,Odontologia,94,Bom Retiro,capital,0,outros,,Clínica Ambulatorial,,de-ate,sempre,proxima,sempre,7,07h30,dodonto,dodonto,2023-10-24 00:00:00,2023-01-01 00:00:00,2023-12-22 00:00:00,s/i,,,,0,0,consulte
96000306244338,10,7,serviços,17,Odontologia,96,Sorocaba,interior,0,outros,,Clínica Ambulatorial,,de-ate,sempre,agora,sempre,7,07h,dodonto,dodonto,2023-10-18 00:00:00,2023-01-01 00:00:00,2023-12-30 00:00:00,s/i,,,,0,0,consulte
96000306244338,10,7,serviços,17,Odontologia,96,Sorocaba,interior,0,outros,,Clínica Ambulatorial,,de-ate,sempre,proxima,sempre,7,07h,dodonto,dodonto,2023-10-24 00:00:00,2023-01-01 00:00:00,2023-12-30 00:00:00,s/i,,,,0,0,consulte
94000005499082,40,7,serviços,17,Odontologia,63,Pompeia,capital,0,outros,,Clínica Ambulatorial,,de-ate,sempre,agora,sempre,7,07h30,dodonto,dodonto,2023-10-18 00:00:00,2023-01-01 00:00:00,2023-12-22 00:00:00,s/i,,,,0,0,consulte
94000005499082,40,7,serviços,17,Odontologia,63,Pompeia,capital,0,outros,,Clínica Ambulatorial,,de-ate,sempre,proxima,sempre,7,07h30,dodonto,dodonto,2023-10-24 00:00:00,2023-01-01 00:00:00,2023-12-22 00:00:00,s/i,,,,0,0,consulte
94000005499082,40,7,serviços,17,Odontologia,66,Vila Mariana,capital,0,outros,,Clínica Ambulatorial,,de-ate,sempre,agora,sempre,7,07h30,dodonto,dodonto,2023-10-18 00:00:00,2023-01-01 00:00:00,2023-12-22 00:00:00,s/i,,,,0,0,consulte
94000005499082,40,7,serviços,17,Odontologia,66,Vila Mariana,capital,0,outros,,Clínica Ambulatorial,,de-ate,sempre,proxima,sempre,7,07h30,dodonto,dodonto,2023-10-24 00:00:00,2023-01-01 00:00:00,2023-12-22 00:00:00,s/i,,,,0,0,consulte
96000306244338,10,7,serviços,17,Odontologia,82,São Carlos,interior,0,outros,,Clínica Ambulatorial,,de-ate,sempre,agora,sempre,7,07h,dodonto,dodonto,2023-10-18 00:00:00,2023-01-01 00:00:00,2023-12-30 00:00:00,s/i,,,,0,0,consulte
96000306244338,10,7,serviços,17,Odontologia,82,São Carlos,interior,0,outros,,Clínica Ambulatorial,,de-ate,sempre,proxima,sempre,7,07h,dodonto,dodonto,2023-10-24 00:00:00,2023-01-01 00:00:00,2023-12-30 00:00:00,s/i,,,,0,0,consulte
96000306244338,10,7,serviços,17,Odontologia,75,Campinas,interior,0,outros,,Clínica Ambulatorial,,de-ate,sempre,agora,sempre,7,07h,dodonto,dodonto,2023-10-18 00:00:00,2023-01-01 00:00:00,2023-12-30 00:00:00,s/i,,,,0,0,consulte
96000306244338,10,7,serviços,17,Odontologia,75,Campinas,interior,0,outros,,Clínica Ambulatorial,,de-ate,sempre,proxima,sempre,7,07h,dodonto,dodonto,2023-10-24 00:00:00,2023-01-01 00:00:00,2023-12-30 00:00:00,s/i,,,,0,0,consulte
94000005499082,40,7,serviços,17,Odontologia,53,Santana,capital,0,outros,,Clínica Ambulatorial,,de-ate,sempre,agora,sempre,7,07h30,dodonto,dodonto,2023-10-18 00:00:00,2023-01-01 00:00:00,2023-12-22 00:00:00,s/i,,,,0,0,consulte
94000005499082,40,7,serviços,17,Odontologia,53,Santana,capital,0,outros,,Clínica Ambulatorial,,de-ate,sempre,proxima,sempre,7,07h30,dodonto,dodonto,2023-10-24 00:00:00,2023-01-01 00:00:00,2023-12-22 00:00:00,s/i,,,,0,0,consulte
52000004978337,440,7,serviços,15,Piscina,52,24 De Maio,capital,1,outros,,Piscina,,de-ate,sempre,agora,sempre,7,10h,dpiscina,dpiscina,2023-10-18 00:00:00,2023-01-03 00:00:00,2023-11-30 00:00:00,s/i,Aberto ao público - Sem retirada de ingressos.,,,0,0,consulte
52000004978337,440,7,serviços,15,Piscina,52,24 De Maio,capital,1,outros,,Piscina,,de-ate,sempre,proxima,sempre,7,10h,dpiscina,dpiscina,2023-10-24 00:00:00,2023-01-03 00:00:00,2023-11-30 00:00:00,s/i,Aberto ao público - Sem retirada de ingressos.,,,0,0,consulte
53000005793558,10,7,serviços,15,Piscina,53,Santana,capital,0,outros,,Piscina,,de-ate,sempre,agora,sempre,7,07h30,dpiscina,dpiscina,2023-10-18 00:00:00,2023-01-03 00:00:00,2023-12-30 00:00:00,s/i,Aberto ao público,,,0,0,consulte
53000005793558,10,7,serviços,15,Piscina,53,Santana,capital,0,outros,,Piscina,,de-ate,sempre,proxima,sempre,7,07h30,dpiscina,dpiscina,2023-10-24 00:00:00,2023-01-03 00:00:00,2023-12-30 00:00:00,s/i,Aberto ao público,,,0,0,consulte
55000004351698,4000,7,serviços,15,Piscina,55,Interlagos,capital,0,outros,,Piscina,Segunda 09h  Terca 09h  Quarta 09h  Quinta 09h  Sexta 09h  Sabado 09h  Domingo 09h - Livre,de-ate,sempre,agora,sempre,7,09h,dpiscina,dpiscina,2023-10-18 00:00:00,2023-01-04 00:00:00,2023-12-29 00:00:00,s/i,Inscrição -,,,0,0,consulte
55000004351698,4000,7,serviços,15,Piscina,55,Interlagos,capital,0,outros,,Piscina,Segunda 09h  Terca 09h  Quarta 09h  Quinta 09h  Sexta 09h  Sabado 09h  Domingo 09h - Livre,de-ate,sempre,proxima,sempre,7,09h,dpiscina,dpiscina,2023-10-25 00:00:00,2023-01-04 00:00:00,2023-12-29 00:00:00,s/i,Inscrição -,,,0,0,consulte
56000004685637,500,7,serviços,15,Piscina,56,Itaquera,capital,0,outros,,Piscina,Segunda 09h  Terca 09h  Quarta 09h  Quinta 09h  Sexta 09h  Sabado 09h  Domingo 09h - Livre,de-ate,sempre,agora,sempre,7,09h,dpiscina,dpiscina,2023-10-18 00:00:00,2023-01-04 00:00:00,2023-12-30 00:00:00,frequência ao parque aquático,Inscrição -,,,0,0,consulte
56000004685637,500,7,serviços,15,Piscina,56,Itaquera,capital,0,outros,,Piscina,Segunda 09h  Terca 09h  Quarta 09h  Quinta 09h  Sexta 09h  Sabado 09h  Domingo 09h - Livre,de-ate,sempre,proxima,sempre,7,09h,dpiscina,dpiscina,2023-10-25 00:00:00,2023-01-04 00:00:00,2023-12-30 00:00:00,frequência ao parque aquático,Inscrição -,,,0,0,consulte
62000006816538,100,7,serviços,15,Piscina,62,Consolação,capital,1,outros,,Piscina,,de-ate,sempre,agora,sempre,7,10h,dpiscina,dpiscina,2023-10-21 00:00:00,2023-01-03 00:00:00,2023-12-30 00:00:00,"Utilização livre da piscina da unidade, para frequentadores(as) com credencial plena e exame dermatológico atualizados.",Aberto ao público - Sem retirada de ingressos.,,,0,0,consulte
62000006816538,100,7,serviços,15,Piscina,62,Consolação,capital,1,outros,,Piscina,,de-ate,sempre,proxima,sempre,7,10h,dpiscina,dpiscina,2023-10-29 00:00:00,2023-01-03 00:00:00,2023-12-30 00:00:00,"Utilização livre da piscina da unidade, para frequentadores(as) com credencial plena e exame dermatológico atualizados.",Aberto ao público - Sem retirada de ingressos.,,,0,0,consulte
63000012545748,200,7,serviços,15,Piscina,63,Pompeia,capital,1,outros,,Piscina,,de-ate,sempre,agora,sempre,7,10h,dpiscina,dpiscina,2023-10-18 00:00:00,2023-01-03 00:00:00,2023-12-29 00:00:00,Utilização do espaço da piscina para vivências lúdicas ou banho de sol.,Aberto ao público - Sem retirada de ingressos.,,,0,0,consulte
63000012545748,200,7,serviços,15,Piscina,63,Pompeia,capital,1,outros,,Piscina,,de-ate,sempre,proxima,sempre,7,10h,dpiscina,dpiscina,2023-10-24 00:00:00,2023-01-03 00:00:00,2023-12-29 00:00:00,Utilização do espaço da piscina para vivências lúdicas ou banho de sol.,Aberto ao público - Sem retirada de ingressos.,,,0,0,consulte
63000012545748,200,7,serviços,15,Piscina,68,Belenzinho,capital,1,outros,,Piscina,,de-ate,sempre,agora,sempre,7,10h,dpiscina,dpiscina,2023-10-18 00:00:00,2023-01-03 00:00:00,2023-12-29 00:00:00,Utilização do espaço da piscina para vivências lúdicas ou banho de sol.,Aberto ao público - Sem retirada de ingressos.,,,0,0,consulte
63000012545748,200,7,serviços,15,Piscina,68,Belenzinho,capital,1,outros,,Piscina,,de-ate,sempre,proxima,sempre,7,10h,dpiscina,dpiscina,2023-10-24 00:00:00,2023-01-03 00:00:00,2023-12-29 00:00:00,Utilização do espaço da piscina para vivências lúdicas ou banho de sol.,Aberto ao público - Sem retirada de ingressos.,,,0,0,consulte
70000005348524,30,7,serviços,15,Piscina,70,Santo Amaro,capital,0,outros,,Piscina,Terca 10h  Quarta 10h  Quinta 10h  Sexta 10h - Livre,de-ate,sempre,agora,sempre,7,10h,dpiscina,dpiscina,2023-10-18 00:00:00,2023-05-02 00:00:00,2023-12-29 00:00:00,s/i,Inscrição - R$ 50.00 / R$ 25.00 /,,,0,0,consulte
70000005348524,30,7,serviços,15,Piscina,70,Santo Amaro,capital,0,outros,,Piscina,Terca 10h  Quarta 10h  Quinta 10h  Sexta 10h - Livre,de-ate,sempre,proxima,sempre,7,10h,dpiscina,dpiscina,2023-10-24 00:00:00,2023-05-02 00:00:00,2023-12-29 00:00:00,s/i,Inscrição - R$ 50.00 / R$ 25.00 /,,,0,0,consulte
71000004403354,2000,7,serviços,15,Piscina,71,Bertioga,interior,0,outros,,Piscina,,de-ate,sempre,agora,sempre,7,09h30,dpiscina,dpiscina,2023-10-18 00:00:00,2023-01-01 00:00:00,2023-12-31 00:00:00,s/i,Aberto ao público,,,0,0,consulte
71000004403354,2000,7,serviços,15,Piscina,71,Bertioga,interior,0,outros,,Piscina,,de-ate,sempre,proxima,sempre,7,09h30,dpiscina,dpiscina,2023-10-24 00:00:00,2023-01-01 00:00:00,2023-12-31 00:00:00,s/i,Aberto ao público,,,0,0,consulte
72000000622217,40,7,serviços,15,Piscina,72,Mogi Das Cruzes,capital,0,outros,,Piscina,,de-ate,sempre,agora,sempre,7,13h30,dpiscina,dpiscina,2023-10-18 00:00:00,2023-07-25 00:00:00,2023-12-29 00:00:00,s/i,Inscrição - Grátis / Grátis / Grátis,,,0,0,consulte
72000000622217,40,7,serviços,15,Piscina,72,Mogi Das Cruzes,capital,0,outros,,Piscina,,de-ate,sempre,proxima,sempre,7,13h30,dpiscina,dpiscina,2023-10-24 00:00:00,2023-07-25 00:00:00,2023-12-29 00:00:00,s/i,Inscrição - Grátis / Grátis / Grátis,,,0,0,consulte
73000004167372,755,7,serviços,15,Piscina,73,Guarulhos,capital,0,outros,,Piscina,,de-ate,sempre,agora,sempre,7,09h,dpiscina,dpiscina,2023-10-21 00:00:00,2023-01-03 00:00:00,2023-12-29 00:00:00,frequência ao parque aquático,Aberto ao público,,,0,0,consulte
73000004167372,755,7,serviços,15,Piscina,73,Guarulhos,capital,0,outros,,Piscina,,de-ate,sempre,proxima,sempre,7,09h,dpiscina,dpiscina,2023-10-28 00:00:00,2023-01-03 00:00:00,2023-12-29 00:00:00,frequência ao parque aquático,Aberto ao público,,,0,0,consulte
76000004157370,100,7,serviços,15,Piscina,76,Ribeirão Preto,interior,0,outros,,Piscina,"Terça a sexta, das 13h30 às 21h30",de-ate,sempre,agora,sempre,7,13h30,dpiscina,dpiscina,2023-10-18 00:00:00,2023-02-10 00:00:00,2023-12-29 00:00:00,s/i,Inscrição -,,,0,0,consulte
76000004157370,100,7,serviços,15,Piscina,76,Ribeirão Preto,interior,0,outros,,Piscina,"Terça a sexta, das 13h30 às 21h30",de-ate,sempre,proxima,sempre,7,13h30,dpiscina,dpiscina,2023-10-24 00:00:00,2023-02-10 00:00:00,2023-12-29 00:00:00,s/i,Inscrição -,,,0,0,consulte
76000004227724,12,7,serviços,15,Piscina,93,Jundiaí,interior,1,outros,,Piscina,,de-ate,sempre,agora,sempre,7,09h30,dpiscina,dpiscina,2023-10-21 00:00:00,2023-03-11 00:00:00,2023-12-30 00:00:00,s/i,Aberto ao público - Sem retirada de ingressos.,,,0,0,consulte
76000004227724,12,7,serviços,15,Piscina,93,Jundiaí,interior,1,outros,,Piscina,,de-ate,sempre,proxima,sempre,7,09h30,dpiscina,dpiscina,2023-10-28 00:00:00,2023-03-11 00:00:00,2023-12-30 00:00:00,s/i,Aberto ao público - Sem retirada de ingressos.,,,0,0,consulte
77000297252377,10,7,serviços,15,Piscina,77,S. J. Campos,interior,0,outros,,Piscina,,de-ate,sempre,agora,sempre,7,07h,dpiscina,dpiscina,2023-10-18 00:00:00,2023-01-03 00:00:00,2023-12-30 00:00:00,s/i,Aberto ao público,,,0,0,consulte
77000297252377,10,7,serviços,15,Piscina,77,S. J. Campos,interior,0,outros,,Piscina,,de-ate,sempre,proxima,sempre,7,07h,dpiscina,dpiscina,2023-10-24 00:00:00,2023-01-03 00:00:00,2023-12-30 00:00:00,s/i,Aberto ao público,,,0,0,consulte
79000002891346,10,7,serviços,15,Piscina,79,Catanduva,interior,0,outros,,Piscina,Frequência parque aquático,de-ate,sempre,agora,sempre,7,13h30,dpiscina,dpiscina,2023-10-18 00:00:00,2023-01-03 00:00:00,2023-12-30 00:00:00,"Horários em que as piscinas estão abertas ao público para prática recreativa, com utilização compartilhada e sujeita a regras específicas.",Aberto ao público,,,0,0,consulte
79000002891346,10,7,serviços,15,Piscina,79,Catanduva,interior,0,outros,,Piscina,Frequência parque aquático,de-ate,sempre,proxima,sempre,7,10h,dpiscina,dpiscina,2023-10-28 00:00:00,2023-01-03 00:00:00,2023-12-30 00:00:00,"Horários em que as piscinas estão abertas ao público para prática recreativa, com utilização compartilhada e sujeita a regras específicas.",Aberto ao público,,,0,0,consulte
80000004717360,10,7,serviços,15,Piscina,80,Bauru,interior,0,outros,,Piscina,,de-ate,sempre,agora,sempre,7,13h,dpiscina,dpiscina,2023-10-18 00:00:00,2023-01-03 00:00:00,2023-12-30 00:00:00,s/i,Inscrição - Grátis / Grátis / Grátis,,,0,0,consulte
80000004717360,10,7,serviços,15,Piscina,80,Bauru,interior,0,outros,,Piscina,,de-ate,sempre,proxima,sempre,7,13h,dpiscina,dpiscina,2023-10-24 00:00:00,2023-01-03 00:00:00,2023-12-30 00:00:00,s/i,Inscrição - Grátis / Grátis / Grátis,,,0,0,consulte
81000004073152,1000,7,serviços,15,Piscina,81,Taubaté,interior,0,outros,,Piscina,,de-ate,sempre,agora,sempre,7,09h,dpiscina,dpiscina,2023-10-18 00:00:00,2023-03-22 00:00:00,2023-12-30 00:00:00,s/i,Aberto ao público,,,0,0,consulte
81000004073152,1000,7,serviços,15,Piscina,81,Taubaté,interior,0,outros,,Piscina,,de-ate,sempre,proxima,sempre,7,09h,dpiscina,dpiscina,2023-10-24 00:00:00,2023-03-22 00:00:00,2023-12-30 00:00:00,s/i,Aberto ao público,,,0,0,consulte
82000004455187,24,7,serviços,15,Piscina,75,Campinas,interior,0,outros,,Piscina,Terca 13h  Quarta 13h  Quinta 13h  Sexta 13h - Livre,de-ate,sempre,agora,sempre,7,13h,dpiscina,dpiscina,2023-10-18 00:00:00,2023-01-03 00:00:00,2023-12-29 00:00:00,s/i,Inscrição -,,,0,0,consulte
82000004455187,24,7,serviços,15,Piscina,75,Campinas,interior,0,outros,,Piscina,Terca 13h  Quarta 13h  Quinta 13h  Sexta 13h - Livre,de-ate,sempre,proxima,sempre,7,13h,dpiscina,dpiscina,2023-10-24 00:00:00,2023-01-03 00:00:00,2023-12-29 00:00:00,s/i,Inscrição -,,,0,0,consulte
82000004451174,90,7,serviços,15,Piscina,82,São Carlos,interior,1,outros,,Piscina,Terca 13h  Quarta 13h  Quinta 13h  Sexta 13h  Sábado 09h30  Domingo 09h30 - Livre,de-ate,sempre,agora,sempre,7,13h,dpiscina,dpiscina,2023-10-18 00:00:00,2023-01-03 00:00:00,2023-12-30 00:00:00,s/i,Aberto ao público - Somente para inscritos a partir de seleção prévia.,,,0,0,consulte
82000004451174,90,7,serviços,15,Piscina,82,São Carlos,interior,1,outros,,Piscina,Terca 13h  Quarta 13h  Quinta 13h  Sexta 13h  Sábado 09h30  Domingo 09h30 - Livre,de-ate,sempre,proxima,sempre,7,13h,dpiscina,dpiscina,2023-10-24 00:00:00,2023-01-03 00:00:00,2023-12-30 00:00:00,s/i,Aberto ao público - Somente para inscritos a partir de seleção prévia.,,,0,0,consulte
83000003747026,10,7,serviços,15,Piscina,83,Piracicaba,interior,0,outros,,Piscina,,de-ate,sempre,agora,sempre,7,13h30,dpiscina,dpiscina,2023-10-18 00:00:00,2023-01-10 00:00:00,2023-12-30 00:00:00,s/i,Aberto ao público,,,0,0,consulte
83000003747026,10,7,serviços,15,Piscina,83,Piracicaba,interior,0,outros,,Piscina,,de-ate,sempre,proxima,sempre,7,13h30,dpiscina,dpiscina,2023-10-24 00:00:00,2023-01-10 00:00:00,2023-12-30 00:00:00,s/i,Aberto ao público,,,0,0,consulte
84000004891046,4000,7,serviços,15,Piscina,84,Rio Preto,interior,1,outros,,Piscina,,de-ate,sempre,agora,sempre,7,09h45,dpiscina,dpiscina,2023-10-21 00:00:00,2023-01-03 00:00:00,2023-12-30 00:00:00,s/i,Aberto ao público - Vazio,,,0,0,consulte
84000004891046,4000,7,serviços,15,Piscina,84,Rio Preto,interior,1,outros,,Piscina,,de-ate,sempre,proxima,sempre,7,09h45,dpiscina,dpiscina,2023-10-28 00:00:00,2023-01-03 00:00:00,2023-12-30 00:00:00,s/i,Aberto ao público - Vazio,,,0,0,consulte
85000002867089,300,7,serviços,15,Piscina,85,Birigui,interior,1,outros,,Piscina,,de-ate,sempre,agora,sempre,7,13h30,dpiscina,dpiscina,2023-10-18 00:00:00,2023-01-03 00:00:00,2023-12-30 00:00:00,"Atividade regular, contabilizando estatístico para público de recreação aquática.",Ingresso - Grátis / Grátis / Grátis,,,0,0,consulte
85000002867089,300,7,serviços,15,Piscina,85,Birigui,interior,1,outros,,Piscina,,de-ate,sempre,proxima,sempre,7,13h30,dpiscina,dpiscina,2023-10-24 00:00:00,2023-01-03 00:00:00,2023-12-30 00:00:00,"Atividade regular, contabilizando estatístico para público de recreação aquática.",Ingresso - Grátis / Grátis / Grátis,,,0,0,consulte
86000003544493,250,7,serviços,15,Piscina,86,Araraquara,interior,0,crianças,,Piscina,,de-ate,sempre,agora,sempre,7,09h30,dpiscina,dpiscina,2023-10-21 00:00:00,2023-01-03 00:00:00,2023-12-30 00:00:00,frequência ao parque aquático,Aberto ao público,,,0,0,consulte
86000003544493,250,7,serviços,15,Piscina,86,Araraquara,interior,0,crianças,,Piscina,,de-ate,sempre,proxima,sempre,7,09h30,dpiscina,dpiscina,2023-10-28 00:00:00,2023-01-03 00:00:00,2023-12-30 00:00:00,frequência ao parque aquático,Aberto ao público,,,0,0,consulte
87000002682219,500,7,serviços,15,Piscina,87,Prudente,interior,0,outros,,Piscina,Ter 8h -18h/ Qua 8h-18h/ Qui 8h-18h/ Sex 8h-18h/ Sab 8h -18h/ Dom 8h- 18h.,de-ate,sempre,agora,sempre,7,08h,dpiscina,dpiscina,2023-10-18 00:00:00,2023-01-03 00:00:00,2023-12-30 00:00:00,s/i,,,,0,0,consulte
87000002682219,500,7,serviços,15,Piscina,87,Prudente,interior,0,outros,,Piscina,Ter 8h -18h/ Qua 8h-18h/ Qui 8h-18h/ Sex 8h-18h/ Sab 8h -18h/ Dom 8h- 18h.,de-ate,sempre,proxima,sempre,7,08h,dpiscina,dpiscina,2023-10-24 00:00:00,2023-01-03 00:00:00,2023-12-30 00:00:00,s/i,,,,0,0,consulte
88000005145334,100,7,serviços,15,Piscina,88,Santo André,capital,0,outros,,Piscina,De terça domingo às 10h,de-ate,sempre,agora,sempre,7,10h,dpiscina,dpiscina,2023-10-18 00:00:00,2023-03-01 00:00:00,2023-11-30 00:00:00,"Recreação aquática para jovens inscritos no programa Juventudes e que utilizam as piscinas tanto no horário dos cursos (com acompanhamento dos educadores de referência) ou em períodos fora do curso de forma livre e espontânea, com exceção da alta temporada.",Inscrição -,,,0,0,consulte
88000005145334,100,7,serviços,15,Piscina,88,Santo André,capital,0,outros,,Piscina,De terça domingo às 10h,de-ate,sempre,proxima,sempre,7,10h,dpiscina,dpiscina,2023-10-24 00:00:00,2023-03-01 00:00:00,2023-11-30 00:00:00,"Recreação aquática para jovens inscritos no programa Juventudes e que utilizam as piscinas tanto no horário dos cursos (com acompanhamento dos educadores de referência) ou em períodos fora do curso de forma livre e espontânea, com exceção da alta temporada.",Inscrição -,,,0,0,consulte
94000005583687,200,7,serviços,15,Piscina,94,Bom Retiro,capital,0,outros,,Piscina,,de-ate,sempre,agora,sempre,7,09h,dpiscina,dpiscina,2023-10-18 00:00:00,2023-01-03 00:00:00,2023-12-30 00:00:00,s/i,,,,0,0,consulte
94000005583687,200,7,serviços,15,Piscina,94,Bom Retiro,capital,0,outros,,Piscina,,de-ate,sempre,proxima,sempre,7,09h,dpiscina,dpiscina,2023-10-24 00:00:00,2023-01-03 00:00:00,2023-12-30 00:00:00,s/i,,,,0,0,consulte
96000310352277,10,7,serviços,15,Piscina,96,Sorocaba,interior,0,outros,,Piscina,,de-ate,sempre,agora,sempre,7,10h,dpiscina,dpiscina,2023-10-22 00:00:00,2023-01-03 00:00:00,2023-12-30 00:00:00,s/i,,,,0,0,consulte
96000310352277,10,7,serviços,15,Piscina,96,Sorocaba,interior,0,outros,,Piscina,,de-ate,sempre,proxima,sempre,7,09h,dpiscina,dpiscina,2023-10-24 00:00:00,2023-01-03 00:00:00,2023-12-30 00:00:00,s/i,,,,0,0,consulte
63000012545748,200,7,serviços,15,Piscina,66,Vila Mariana,capital,1,outros,,Piscina,,de-ate,sempre,agora,sempre,7,10h,dpiscina,dpiscina,2023-10-18 00:00:00,2023-01-03 00:00:00,2023-12-29 00:00:00,Utilização do espaço da piscina para vivências lúdicas ou banho de sol.,Aberto ao público - Sem retirada de ingressos.,,,0,0,consulte
63000012545748,200,7,serviços,15,Piscina,66,Vila Mariana,capital,1,outros,,Piscina,,de-ate,sempre,proxima,sempre,7,10h,dpiscina,dpiscina,2023-10-24 00:00:00,2023-01-03 00:00:00,2023-12-29 00:00:00,Utilização do espaço da piscina para vivências lúdicas ou banho de sol.,Aberto ao público - Sem retirada de ingressos.,,,0,0,consulte
63000012545748,200,7,serviços,15,Piscina,57,Ipiranga,capital,1,outros,,Piscina,,de-ate,sempre,agora,sempre,7,10h,dpiscina,dpiscina,2023-10-18 00:00:00,2023-01-03 00:00:00,2023-12-29 00:00:00,Utilização do espaço da piscina para vivências lúdicas ou banho de sol.,Aberto ao público - Sem retirada de ingressos.,,,0,0,consulte
63000012545748,200,7,serviços,15,Piscina,57,Ipiranga,capital,1,outros,,Piscina,,de-ate,sempre,proxima,sempre,7,10h,dpiscina,dpiscina,2023-10-24 00:00:00,2023-01-03 00:00:00,2023-12-29 00:00:00,Utilização do espaço da piscina para vivências lúdicas ou banho de sol.,Aberto ao público - Sem retirada de ingressos.,,,0,0,consulte
63000012545748,200,7,serviços,15,Piscina,58,Pinheiros,capital,1,outros,,Piscina,,de-ate,sempre,agora,sempre,7,10h,dpiscina,dpiscina,2023-10-18 00:00:00,2023-01-03 00:00:00,2023-12-29 00:00:00,Utilização do espaço da piscina para vivências lúdicas ou banho de sol.,Aberto ao público - Sem retirada de ingressos.,,,0,0,consulte
63000012545748,200,7,serviços,15,Piscina,58,Pinheiros,capital,1,outros,,Piscina,,de-ate,sempre,proxima,sempre,7,10h,dpiscina,dpiscina,2023-10-24 00:00:00,2023-01-03 00:00:00,2023-12-29 00:00:00,Utilização do espaço da piscina para vivências lúdicas ou banho de sol.,Aberto ao público - Sem retirada de ingressos.,,,0,0,consulte
63000012545748,200,7,serviços,15,Piscina,67,São Caetano,capital,1,outros,,Piscina,,de-ate,sempre,agora,sempre,7,10h,dpiscina,dpiscina,2023-10-18 00:00:00,2023-01-03 00:00:00,2023-12-29 00:00:00,Utilização do espaço da piscina para vivências lúdicas ou banho de sol.,Aberto ao público - Sem retirada de ingressos.,,,0,0,consulte
63000012545748,200,7,serviços,15,Piscina,67,São Caetano,capital,1,outros,,Piscina,,de-ate,sempre,proxima,sempre,7,10h,dpiscina,dpiscina,2023-10-24 00:00:00,2023-01-03 00:00:00,2023-12-29 00:00:00,Utilização do espaço da piscina para vivências lúdicas ou banho de sol.,Aberto ao público - Sem retirada de ingressos.,,,0,0,consulte
89000001060781,60,7,serviços,18,Comedoria - Cafeteria,89,CPF,capital,1,outros,,Refeições,,de-ate,sempre,agora,sempre,7,12h,undefined,undefined,2023-10-18 00:00:00,2023-01-02 00:00:00,2023-12-23 00:00:00,s/i,Ingresso - Grátis / Grátis / Grátis,,,0,0,consulte
89000001060781,60,7,serviços,18,Comedoria - Cafeteria,89,CPF,capital,1,outros,,Refeições,,de-ate,sempre,proxima,sempre,7,12h,undefined,undefined,2023-10-23 00:00:00,2023-01-02 00:00:00,2023-12-23 00:00:00,s/i,Ingresso - Grátis / Grátis / Grátis,,,0,0,consulte
53000005777373,300,7,serviços,18,Comedoria - Cafeteria,53,Santana,capital,0,outros,,Refeições,Venda de sopas no auto atendimento,de-ate,sempre,agora,sempre,7,11h30,undefined,undefined,2023-10-18 00:00:00,2023-01-03 00:00:00,2023-12-30 00:00:00,"As Comedorias, como são chamados os espaços de alimentação do Sesc, oferecem refeições, sanduíches, salgados, saladas, doces, bebidas quentes e frias - saudáveis, equilibradas, diversificadas e a preços acessíveis - valorizando sempre o uso de alimentos brasileiros, contemporâneos, naturais, integrais, equilibrando os princípios da alimentação e da gastronomia.",,1,Braille,0,0,consulte
53000005778021,300,7,serviços,18,Comedoria - Cafeteria,53,Santana,capital,0,outros,,Refeições,Venda de sopas no auto atendimento,de-ate,sempre,proxima,sempre,7,16h,undefined,undefined,2023-10-24 00:00:00,2023-01-03 00:00:00,2023-12-30 00:00:00,"As Comedorias, como são chamados os espaços de alimentação do Sesc, oferecem refeições, sanduíches, salgados, saladas, doces, bebidas quentes e frias - saudáveis, equilibradas, diversificadas e a preços acessíveis - valorizando sempre o uso de alimentos brasileiros, contemporâneos, naturais, integrais, equilibrando os princípios da alimentação e da gastronomia.",,1,Braille,0,0,consulte
57000006947303,10,7,serviços,18,Comedoria - Cafeteria,57,Ipiranga,capital,0,outros,,Refeições,,de-ate,sempre,agora,sempre,7,12h,undefined,undefined,2023-10-18 00:00:00,2023-01-10 00:00:00,2023-12-31 00:00:00,"Venda de sopa (pequena e grande) na Cafeteria do Sesc Ipiranga, no período de 12h até 16h.",,,,0,0,consulte
57000006947928,10,7,serviços,18,Comedoria - Cafeteria,57,Ipiranga,capital,0,outros,,Refeições,,de-ate,sempre,proxima,sempre,7,16h01,undefined,undefined,2023-10-24 00:00:00,2023-01-10 00:00:00,2023-12-31 00:00:00,"Venda de sopa (pequena e grande) na Cafeteria do Sesc Ipiranga, no período de  16h01 até 21h00.",,,,0,0,consulte
62000007200348,10,7,serviços,18,Comedoria - Cafeteria,62,Consolação,capital,0,outros,,Refeições,,de-ate,sempre,agora,sempre,7,16h01,undefined,undefined,2023-10-21 00:00:00,2023-01-03 00:00:00,2023-12-31 00:00:00,s/i,,,,0,0,consulte
62000007200348,10,7,serviços,18,Comedoria - Cafeteria,62,Consolação,capital,0,outros,,Refeições,,de-ate,sempre,proxima,sempre,7,16h01,undefined,undefined,2023-10-28 00:00:00,2023-01-03 00:00:00,2023-12-31 00:00:00,s/i,,,,0,0,consulte
70000004923185,10,7,serviços,18,Comedoria - Cafeteria,70,Santo Amaro,capital,0,outros,,Refeições,Comedoria,de-ate,sempre,agora,sempre,7,12h,undefined,undefined,2023-10-18 00:00:00,2023-01-03 00:00:00,2023-12-30 00:00:00,"Preparo, conservação, fornecimento e distribuição de alimentos que devido a sua complexidade assim são classificados (Sopas) Almoço das 12h às 16h.",Aberto ao público,,,0,0,consulte
70000004923185,10,7,serviços,18,Comedoria - Cafeteria,70,Santo Amaro,capital,0,outros,,Refeições,Comedoria,de-ate,sempre,proxima,sempre,7,12h,undefined,undefined,2023-10-24 00:00:00,2023-01-03 00:00:00,2023-12-30 00:00:00,"Preparo, conservação, fornecimento e distribuição de alimentos que devido a sua complexidade assim são classificados (Sopas) Almoço das 12h às 16h.",Aberto ao público,,,0,0,consulte
77000309144265,10,7,serviços,18,Comedoria - Cafeteria,77,S. J. Campos,interior,0,outros,,Refeições,Jantar - sopas,de-ate,sempre,agora,sempre,7,13h,undefined,undefined,2023-10-18 00:00:00,2023-05-30 00:00:00,2023-12-30 00:00:00,s/i,,,,0,0,consulte
77000309144265,10,7,serviços,18,Comedoria - Cafeteria,77,S. J. Campos,interior,0,outros,,Refeições,Jantar - sopas,de-ate,sempre,proxima,sempre,7,13h,undefined,undefined,2023-10-24 00:00:00,2023-05-30 00:00:00,2023-12-30 00:00:00,s/i,,,,0,0,consulte
81000004501078,40,7,serviços,18,Comedoria - Cafeteria,81,Taubaté,interior,0,outros,,Refeições,,de-ate,sempre,agora,sempre,7,11h,undefined,undefined,2023-10-18 00:00:00,2023-09-05 00:00:00,2023-12-30 00:00:00,s/i,Aberto ao público,,,0,0,consulte
81000004501078,40,7,serviços,18,Comedoria - Cafeteria,81,Taubaté,interior,0,outros,,Refeições,,de-ate,sempre,proxima,sempre,7,11h,undefined,undefined,2023-10-24 00:00:00,2023-09-05 00:00:00,2023-12-30 00:00:00,s/i,Aberto ao público,,,0,0,consulte
82000004416823,10,7,serviços,18,Comedoria - Cafeteria,82,São Carlos,interior,0,outros,,Refeições,,de-ate,sempre,agora,sempre,7,13h,undefined,undefined,2023-10-18 00:00:00,2023-01-03 00:00:00,2023-12-31 00:00:00,s/i,,,,0,0,consulte
82000004416823,10,7,serviços,18,Comedoria - Cafeteria,82,São Carlos,interior,0,outros,,Refeições,,de-ate,sempre,proxima,sempre,7,13h,undefined,undefined,2023-10-24 00:00:00,2023-01-03 00:00:00,2023-12-31 00:00:00,s/i,,,,0,0,consulte
84000004940819,10,7,serviços,18,Comedoria - Cafeteria,84,Rio Preto,interior,0,outros,,Refeições,,de-ate,sempre,agora,sempre,7,11h30,undefined,undefined,2023-10-21 00:00:00,2023-01-07 00:00:00,2023-12-30 00:00:00,s/i,,,,0,0,consulte
84000004940819,10,7,serviços,18,Comedoria - Cafeteria,84,Rio Preto,interior,0,outros,,Refeições,,de-ate,sempre,proxima,sempre,7,11h30,undefined,undefined,2023-10-28 00:00:00,2023-01-07 00:00:00,2023-12-30 00:00:00,s/i,,,,0,0,consulte
86000003707898,10,7,serviços,18,Comedoria - Cafeteria,86,Araraquara,interior,0,outros,,Refeições,,de-ate,sempre,agora,sempre,7,13h,undefined,undefined,2023-10-18 00:00:00,2023-01-03 00:00:00,2023-12-29 00:00:00,s/i,,,,0,0,consulte
86000003707898,10,7,serviços,18,Comedoria - Cafeteria,86,Araraquara,interior,0,outros,,Refeições,,de-ate,sempre,proxima,sempre,7,13h,undefined,undefined,2023-10-24 00:00:00,2023-01-03 00:00:00,2023-12-29 00:00:00,s/i,,,,0,0,consulte
49000000019388,10,7,serviços,18,Comedoria - Cafeteria,49,14 Bis,capital,0,outros,,Refeições,,de-ate,sempre,agora,sempre,7,10h,undefined,undefined,2023-10-18 00:00:00,2023-10-18 00:00:00,2023-12-31 00:00:00,Serviço oferecido na Cafeteria da UO.,,,,0,0,consulte
49000000019388,10,7,serviços,18,Comedoria - Cafeteria,49,14 Bis,capital,0,outros,,Refeições,,de-ate,sempre,proxima,sempre,7,10h,undefined,undefined,2023-10-24 00:00:00,2023-10-18 00:00:00,2023-12-31 00:00:00,Serviço oferecido na Cafeteria da UO.,,,,0,0,consulte
